id,predicted_values
1,3.1999784306008303
2,3.1576705567420182
3,3.2344832446401783
4,3.3389075167405124
5,3.2424466387720203
6,3.3383299559870308
7,3.316620380866579
8,3.4752760092857966
9,3.3149612259620724
10,3.351995954293281
11,3.484673270037714
12,3.4809257729063727
13,3.3671566830044006
14,3.2324972110390147
15,3.540277723379092
16,3.251806822734734
17,3.3115303095751676
18,3.3621250533286515
19,3.414416607739606
20,3.3540953669656766
21,3.2757417116748937
22,3.343504572939917
23,3.4781796209175435
24,3.5062669652228293
25,3.47142354518824
26,3.3397115666548527
27,3.2687350392975727
28,3.3276859944566066
29,3.4373025453090653
30,3.490254844447532
31,3.5096149622351436
32,3.3685706214665196
33,3.331695826850676
34,3.4321684952432667
35,3.3946983694133
36,3.571364100668915
37,3.40567767134354
38,3.278739400421169
39,3.5279750881293284
40,3.5322959901305717
41,3.4733895181537147
42,3.3828971427750276
43,3.5745021022158836
44,3.480779986900719
45,3.4584232173968363
46,3.486256478308761
47,3.4556880378329
48,3.475935908113319
49,3.4789403268897976
50,3.448163387013993
51,3.510335398524811
52,3.47824716264216
53,3.4326099238712344
54,3.51502471406869
55,3.533425165787239
56,3.4694428097972025
57,3.3780508221575145
58,3.545798359020367
59,3.63189348148846
60,3.603529692217064
61,2.8201496473017045
62,2.4213608411830503
63,2.5412597735589277
64,2.3712176125217677
65,2.4248521687846187
66,2.3040422675327465
67,2.533388071459094
68,2.38027468111213
69,2.7816850733337413
70,2.6886499378399518
71,2.456738634575585
72,2.632882794974249
73,2.4540350547953875
74,2.772914110976391
75,2.41762475483811
76,2.771426098105308
77,2.7564059915239763
78,2.3609665749705546
79,2.326798786163529
80,2.300270652075349
81,2.406215460674098
82,2.4405561493137227
83,2.4153377916968566
84,2.5048289817152765
85,2.4974011024196288
86,2.6491414103247934
87,2.690336553848741
88,2.6506708204894154
89,2.524047964380029
90,2.7907425083309096
91,2.6738029743915654
92,2.752708038663829
93,2.6780308317029973
94,2.814638649578145
95,2.5551068188200508
96,2.5802795592766414
97,2.4102656750534055
98,2.4900539128954593
99,2.685875665278292
100,2.484700554737224
101,2.407870053823538
102,2.4117268628725186
103,2.437732858032219
104,2.5324459796522674
105,2.786275874215891
106,2.4064742331599813
107,2.8093607794519726
108,2.762686423126203
109,2.5354686267014923
110,2.487391435416125
111,2.716207685809983
112,2.477105639694642
113,2.728235046580179
114,2.5018441889082395
115,2.765426608100039
116,2.5689262941546582
117,2.6377206653450758
118,3.544799406519906
119,3.5016699178589206
120,3.4512033616250464
121,3.528694278271912
122,3.4983782729387265
123,3.5962025354029907
124,3.6163922183875257
125,3.468492691637794
126,3.5035503247945963
127,3.577235367354646
128,3.732493118176049
129,3.7741482500630505
130,3.5844502637348934
131,3.5614543994234977
132,3.585141382602638
133,3.5533526990942037
134,3.6255733079895127
135,3.5000556690691607
136,3.721913978362728
137,3.647283949373798
138,3.716398065502351
139,3.7932642080075274
140,3.759177589100665
141,3.8066485622348427
142,3.7412271953628435
143,3.70506363026071
144,3.7431794513593233
145,3.880801310310557
146,3.86198883729206
147,3.86607481268906
148,3.9632768400182092
149,3.9751180664270507
150,3.9065854355624983
151,3.97083899626734
152,3.9549807764973357
153,3.9836869344813617
154,3.9622447560645484
155,3.921868153939891
156,3.9895620980782085
157,3.9651078019517154
158,3.9534266490347307
159,4.016264651619634
160,3.921771282680479
161,3.9488413994819953
162,3.9125528402276624
163,3.950921749383029
164,3.985823175327637
165,3.999296593770562
166,3.946741936771431
167,3.8922986321545836
168,3.997690764708041
169,3.952823648750098
170,3.9258028532214597
171,3.985226675077433
172,3.841656876210566
173,3.9084965693952407
174,3.9346495490188675
175,3.9498388642608773
176,3.9470066581943155
177,3.8126650036268765
178,3.213173981103231
179,3.256541677294378
180,3.305622474412637
181,3.161650539522677
182,3.249430336547677
183,3.2789912196195394
184,3.290213474900583
185,3.3384453550238686
186,3.3335610064728667
187,3.2744312478110356
188,3.2433439542229214
189,3.4418315284632404
190,3.385325082647088
191,3.491843826021097
192,3.403802403153484
193,3.4579346757711535
194,3.3583251026357885
195,3.3797991606243576
196,3.424795644458687
197,3.4858839745261583
198,3.4799741959540174
199,3.6010123176861017
200,3.371401377039466
201,3.491029018707776
202,3.5854789156143805
203,3.4501739559962274
204,3.4545328179103074
205,3.516542762198139
206,3.6976953508192647
207,3.705038568394517
208,3.674381711207783
209,3.6594309880329763
210,3.5876498850033127
211,3.6551621934596623
212,3.7253126716475635
213,3.6579133274921602
214,3.6373172819591626
215,3.6385822108388997
216,3.7092380153719033
217,3.6804978768900782
218,3.643796075581401
219,3.737675348847095
220,3.5297101265266
221,3.625509486171567
222,3.578299154737337
223,3.5547549145775332
224,3.528404449929686
225,3.739491300685464
226,3.7554784702478212
227,3.6506083044676534
228,3.626810962510212
229,3.568563794372671
230,3.5679528122815487
231,3.6235893628577207
232,3.670018797528109
233,3.6389972365593333
234,3.592696296875312
235,3.7006808570454774
236,3.6089907884796064
237,3.590243944727981
238,4.39957609764532
239,4.375438416119751
240,4.385939387316219
241,4.34281446097137
242,4.355663196541062
243,4.353543715410252
244,4.432777182676188
245,4.390352353611406
246,4.384652081401252
247,4.3809679162668
248,4.396709163886845
249,4.5194518042684
250,4.432553065546043
251,4.38113611484731
252,4.362728388966718
253,4.376229962815867
254,4.377631390293065
255,4.433504975369671
256,4.465027291630439
257,4.441398218041531
258,4.4634443148651135
259,4.455723677479
260,4.525930748045772
261,4.613420595627071
262,4.515118951025444
263,4.430943543835929
264,4.496298454553127
265,4.557831584249923
266,4.603657516274538
267,4.5799038017008895
268,4.625522963992964
269,4.654159143031418
270,4.574554575329962
271,4.6320280238671625
272,4.668791916635991
273,4.674210347717699
274,4.6533575624250405
275,4.611821237488816
276,4.680532738586882
277,4.661913114958101
278,4.652922434954373
279,4.655793756999114
280,4.625571139703066
281,4.6468846721468156
282,4.623523350429966
283,4.630478772216773
284,4.651771339087372
285,4.672415095550742
286,4.633184509705098
287,4.630888530435503
288,4.6265490982035065
289,4.628748490958786
290,4.635422815386212
291,4.614134491963045
292,4.632117799683222
293,4.649282262334305
294,4.6300404023354735
295,4.655047281926597
296,4.635163035550802
297,4.557644160698577
298,3.436437753838508
299,3.3097442324448223
300,3.3088429298927764
301,3.3890426418648034
302,3.4370596118040195
303,3.403930025306571
304,3.3875521327251885
305,3.460136058457094
306,3.3081236604989575
307,3.340096794950221
308,3.3519189389360524
309,3.6714029692301664
310,3.406746650815039
311,3.343814839559896
312,3.364868645626325
313,3.3323278381605634
314,3.4646931695057974
315,3.5398315873803368
316,3.3849551012328436
317,3.521683979915362
318,3.495883278551542
319,3.5824528205059663
320,3.584350413872238
321,3.668172898137439
322,3.628398238686827
323,3.531947326748695
324,3.5591678633056616
325,3.6088819739563367
326,3.647395764710749
327,3.5202877447780367
328,3.571895332294651
329,3.750959158043406
330,3.528792819577474
331,3.620109776573216
332,3.60069716351392
333,3.7306403759454128
334,3.705716104714236
335,3.7277657852163357
336,3.7767911727698205
337,3.833032609945873
338,3.802255950303087
339,3.641684930976203
340,3.6080843547578754
341,3.7656765663282235
342,3.517545404091542
343,3.664460333535766
344,3.6558180669238522
345,3.7961373540329144
346,3.6825836844696678
347,3.670808393736194
348,3.750972858132211
349,3.86002924678258
350,3.7576399780445544
351,3.731223065483869
352,3.832613818132778
353,3.8059323331973025
354,3.7119537926713715
355,3.6887317250125973
356,3.7971699717438447
357,3.652744398555897
358,3.3594307201608804
359,3.065459177659927
360,3.2798318513651954
361,3.210237500961092
362,3.1324579009592353
363,3.310664092763151
364,3.350671217368155
365,3.177999936184934
366,3.1879919122990286
367,3.221207734173142
368,3.282834541073302
369,3.5029412829521234
370,3.2508790953330697
371,3.2049958871891833
372,3.201595078814864
373,3.1689464701105683
374,2.96498480689468
375,3.245983499553937
376,3.2328960417208363
377,3.301163815386021
378,3.3330187128912376
379,3.310210988409973
380,3.1734991005997166
381,3.432731848603655
382,3.416200467004018
383,3.4283714393871416
384,3.4468595429505853
385,3.410531471374604
386,3.3883245552008012
387,3.3905779164537444
388,3.2657940141743755
389,3.2998020270199193
390,3.409092409291934
391,3.391973184061961
392,3.4550408287888432
393,3.608773149076125
394,3.4459675372473
395,3.3291543560718684
396,3.4344310793894244
397,3.5328070246681933
398,3.452678713879877
399,3.466411273910794
400,3.493507433385403
401,3.5068366930483474
402,3.3462946300078147
403,3.458878433807079
404,3.4998889095292043
405,3.551993574777864
406,3.4081554803148775
407,3.271181500591088
408,3.3610544470035397
409,3.4542779309454246
410,3.489163803146695
411,3.5253417839973773
412,3.4991465699095468
413,3.5599357812238317
414,3.4208641206467894
415,3.526975874862658
416,3.470787532833245
417,3.464730181317604
418,3.0378486222573926
419,2.9341736459692727
420,3.0111593007994792
421,2.938334414754331
422,3.0903613735191993
423,2.943410990325256
424,2.855073015596207
425,3.081696758576807
426,3.0802724663921817
427,3.1002573678481498
428,3.048935957683337
429,3.0348715918544245
430,3.0228941680348953
431,3.128791160279517
432,2.983745396533352
433,2.975758338849838
434,3.050065131370402
435,3.018078531399597
436,2.911339944566954
437,2.9520261341223284
438,3.124942266508958
439,2.986651116821282
440,3.1312289620565705
441,3.145507754611972
442,3.120864578371239
443,2.923320249430859
444,3.0313136668282903
445,2.9807246642347303
446,2.974128915271215
447,3.156003690879723
448,3.016441253088391
449,3.0446588262734875
450,3.085154517303255
451,3.0468993992899622
452,3.054611571200008
453,3.090737352290621
454,3.0874417213577154
455,3.0273861126406945
456,3.043670803972976
457,3.0687354490385856
458,3.068235612509515
459,3.0459572440379166
460,2.9617000914184777
461,3.14525573437877
462,3.193010481342714
463,3.1133098767994207
464,3.114153008119785
465,3.19023599850862
466,3.1182670997413915
467,3.0239095047507054
468,3.0587979328551014
469,3.052693942372726
470,3.0623194128213407
471,3.1550969248637637
472,3.059694985365041
473,3.165131044199492
474,3.057156004894041
475,3.0768772016879473
476,3.0872486725182555
477,3.003627379796148
478,2.9597696022400823
479,2.7628443867416186
480,2.8263683130866064
481,2.690360717964899
482,2.886945557286339
483,2.7519824262577965
484,2.9054828317115002
485,2.8316507476116324
486,2.7422800020867597
487,2.5750761272567857
488,2.917771306182626
489,3.0794161057027583
490,3.1317197662751357
491,3.0552498207495997
492,3.045927577830063
493,3.0240563894756893
494,2.9670123690800203
495,2.9415328456649403
496,3.081171502802007
497,2.928176983808458
498,2.9826948449433988
499,2.995889986852624
500,2.9639122185990137
501,3.0564485160303114
502,2.9770388906927683
503,2.9451206507385916
504,3.032576304786532
505,3.088911388360951
506,3.080232670072821
507,3.099618753214129
508,3.2220119680067034
509,3.2451123797817076
510,3.2418005186758747
511,3.15273698101932
512,3.2396262271959713
513,3.325540755526307
514,3.117116528910031
515,3.1222345221606136
516,3.281519665672832
517,3.2660755374890305
518,3.2403717346225416
519,3.2649413577099455
520,3.297808235110305
521,3.162724434202667
522,3.275785148002417
523,3.2713420747290787
524,3.2356600680566507
525,3.2214639080270913
526,3.2575103951028606
527,3.1067713091053912
528,3.2265810545445603
529,3.2113330340874615
530,3.1105622683003546
531,3.0988277428831568
532,3.189145297216073
533,3.0602421515955442
534,3.051534936568636
535,3.0872457642599027
536,3.101854587041598
537,3.1348224520323424
538,4.088304962087539
539,4.1454298390742315
540,4.120465964538614
541,4.111224710258031
542,4.104049465883234
543,4.141441011994647
544,4.1504224657536835
545,4.129290052197328
546,4.1414186471062155
547,4.091995469038833
548,4.240865707788279
549,4.292956099537314
550,4.148677709586892
551,4.076948921188557
552,4.135618631264217
553,4.0863122290408045
554,4.118691431201282
555,4.165777883006928
556,4.234222287620168
557,4.154673043839279
558,4.147319733336722
559,4.228210731527272
560,4.2613462681896035
561,4.386044340882036
562,4.207228164506733
563,4.232251023353721
564,4.237521029825641
565,4.327009169130754
566,4.343330966395877
567,4.350304571678407
568,4.35598169930112
569,4.345765053649663
570,4.320428872465905
571,4.3942914198940475
572,4.4189417545979035
573,4.462439791716948
574,4.424536014163167
575,4.345432392702119
576,4.449567330250272
577,4.402871142334117
578,4.459249134427684
579,4.438773554534623
580,4.387421343862645
581,4.390366777603334
582,4.354046975261664
583,4.362752833004196
584,4.448735724298172
585,4.449693732207545
586,4.359037000405362
587,4.289593427587746
588,4.364278788269148
589,4.426965136003966
590,4.410579228036797
591,4.45136375217234
592,4.425976817393831
593,4.442820722480915
594,4.3920517088940905
595,4.427734637758195
596,4.39089898868053
597,4.224162333897452
598,3.7552232504411776
599,3.620307506882541
600,3.7025649003839565
601,3.6428790310265073
602,3.7914575247015794
603,3.704265649216215
604,3.8396973785505657
605,3.7810469831589857
606,3.760745420782427
607,3.779983997381177
608,3.8013918893661067
609,3.9042888086605654
610,3.866865761875563
611,3.7632692252831794
612,3.822972562560652
613,3.95003100700172
614,3.9060076665852295
615,3.88155604097573
616,3.9489047079334902
617,3.8787090902150645
618,3.888795830682068
619,3.996849687225209
620,3.9637586158107783
621,4.068620665804697
622,3.9648806379653276
623,3.926161960436863
624,4.065084115188757
625,4.1457951150667895
626,4.1381721495414565
627,4.027499680100651
628,4.188994677379001
629,4.142817203466912
630,4.107685256184041
631,4.11199576407854
632,4.1513334638166715
633,4.180307920734488
634,4.185523408980197
635,4.107599836175909
636,4.21222720420904
637,4.19871089582297
638,4.218178342685813
639,4.25770536717662
640,4.153281106337982
641,4.213422402309478
642,4.141384570347167
643,4.168493679140982
644,4.2331268142707525
645,4.260301782508173
646,4.172446433184773
647,4.136886730606608
648,4.201209160895649
649,4.142721171335094
650,4.216482933717279
651,4.159672578905826
652,4.174405692259863
653,4.211391094485177
654,4.15892972072204
655,4.2040551811447635
656,4.134105770538936
657,3.999438292166099
658,2.973463965670178
659,2.9220951694316897
660,3.0007230433172647
661,2.827680147363193
662,2.724828754207663
663,2.8684737876346436
664,2.773574752159728
665,3.071473246488444
666,3.0934828031901436
667,2.9476579865326973
668,2.977667038490204
669,2.992643345179924
670,3.0188833313693757
671,2.9363848916864117
672,2.96890075146518
673,3.1331548897925536
674,3.0748742896726182
675,3.069209380100152
676,3.0716327232902056
677,2.965391496273888
678,3.0302059748999426
679,3.31664261236025
680,3.2815994286258885
681,3.184867407759363
682,3.1692444607204475
683,3.1071732586917973
684,2.907121152487267
685,2.893850998049806
686,3.1295670295006883
687,3.2755324082312582
688,3.1401858735823356
689,3.230549751498009
690,3.1271671384707953
691,3.2004451365225273
692,3.14577142018533
693,3.0869173698655
694,3.120861390446669
695,3.1223993026137764
696,3.138762338310926
697,2.9903476919066336
698,3.04002766388599
699,3.1433540993295486
700,3.085653748600934
701,3.1340189601115536
702,3.2890268434350673
703,3.340126619459905
704,3.2377552276895423
705,3.2465965533527608
706,3.255761954608134
707,3.2184853136556226
708,3.183666732802773
709,3.11751590654432
710,2.941832021189616
711,2.901021510185
712,3.1190014317665096
713,3.126009125052797
714,3.170657651532852
715,3.2089775893540726
716,3.32896866761356
717,3.016079961651779
718,2.6437584535109644
719,2.763716730420094
720,2.6432448589093034
721,2.9651210722637344
722,3.0104225306900614
723,2.9404146681303405
724,3.156593184266318
725,2.9822724191254446
726,3.120427092969912
727,2.9272358903822044
728,3.1293892753709462
729,3.2257390986990364
730,2.9581491003274367
731,2.9698000927131667
732,2.731932632054632
733,3.094989426963102
734,3.038598143780245
735,2.9941949572536672
736,3.1199726143903574
737,3.1524363805810243
738,3.158847138201528
739,2.9103201183712106
740,2.96925411054475
741,3.175530710756996
742,3.1936928657752985
743,3.070294544831172
744,3.1320991973783308
745,3.2528494696004713
746,3.230107372199733
747,3.0674856102087884
748,3.1936494141588114
749,3.126492515692721
750,3.1927373021353667
751,3.294518565153684
752,3.2504669903466623
753,3.370330138428639
754,3.3194130380302633
755,3.2834029399123374
756,3.3539048504898763
757,3.372451472819942
758,3.2600225652014014
759,3.3734419129796924
760,3.3780197469083717
761,3.4554590734881954
762,3.4488605109815516
763,3.357963098670347
764,3.3298973988171214
765,3.4263619805720325
766,3.43267081430969
767,3.317377978578676
768,3.401026556572619
769,3.4558228847281582
770,3.386891674627294
771,3.371418684665996
772,3.336642723373826
773,3.3639265309444735
774,3.348317676287445
775,3.2757885397651867
776,3.304706136112708
777,3.18236507390073
778,3.962190721741346
779,3.803534268337883
780,3.8408696115760845
781,3.9080735082493834
782,3.9651869038339878
783,3.8677011953461764
784,3.9423424724946856
785,3.964973408252789
786,3.8674736399003544
787,3.8004200007495035
788,4.070463246404941
789,4.132594236248816
790,3.9701712422281927
791,3.9619142865225916
792,3.8635950531491137
793,3.943927658734681
794,3.9123413821479875
795,4.0542308591537815
796,4.074458455840347
797,4.0372777420541
798,4.030155682019324
799,3.9963122084612284
800,4.084932950061678
801,4.240800318372456
802,4.058430775132655
803,4.033261549094471
804,4.068580457369742
805,4.154774271973116
806,4.209868651310296
807,4.187424137417096
808,4.176989638905074
809,4.195144226052925
810,4.159954434707307
811,4.242942198821479
812,4.243193847972093
813,4.315537055415889
814,4.235205895765319
815,4.143640829065104
816,4.235986539836993
817,4.216126201804888
818,4.182319237543418
819,4.196033630177092
820,4.225780864808065
821,4.26079427962517
822,4.166695981959882
823,4.196825782349929
824,4.244172443905843
825,4.2749268525525395
826,4.199134921562865
827,4.111256142755567
828,4.207460726245887
829,4.106312873128821
830,4.207455792179741
831,4.18640059486153
832,4.2409791037283355
833,4.192669340116297
834,4.189878199117254
835,4.24726248135234
836,4.169560495539433
837,4.093249317221335
838,3.7854761517499447
839,3.7432913637148832
840,3.7254399364253445
841,3.71859708727328
842,3.6791508368516714
843,3.6807903891518037
844,3.754362688504731
845,3.745219394057593
846,3.6712068544724503
847,3.7614623765492383
848,3.900531208621244
849,3.990520734516452
850,3.7700360135694453
851,3.772688746074364
852,3.8157003144009325
853,3.7912474570326298
854,3.794729038479077
855,3.840091904289279
856,3.8666440910857403
857,3.843645939313167
858,3.8543058591654407
859,3.8387085366073905
860,3.864140580986432
861,4.050602190184077
862,3.889053978985752
863,3.89107571338449
864,3.9433188791223346
865,3.975174152140706
866,3.9164422472766227
867,3.976889484834454
868,3.97296213745813
869,3.997134563881964
870,3.9710724200844334
871,4.040297783667933
872,4.085432169555332
873,4.170285122951222
874,4.052756640204312
875,4.003571495685967
876,4.048723813255437
877,4.075595844078324
878,4.026487235446836
879,4.043964452768977
880,3.982643829477867
881,4.030194563578242
882,3.9441273935086647
883,4.002354871991371
884,4.0421365946700645
885,4.174600574078613
886,4.02418880834227
887,3.934810782311285
888,4.050969927389083
889,3.991696922440813
890,4.0477472683834455
891,4.033396882330286
892,4.133937028927481
893,4.109228761387349
894,3.994794809709328
895,4.079104735650316
896,4.083269884803546
897,3.9014367912983596
898,3.0055946791163346
899,2.8563413628463925
900,3.0516266316628835
901,3.0581815583026515
902,3.0691478552708835
903,2.891890892701038
904,2.93253590931061
905,3.081902623807688
906,2.8186852547251475
907,2.985345839867419
908,3.2072283654347626
909,3.2131216423811186
910,3.0383111186605576
911,3.015316643849659
912,3.0786349549329284
913,3.147407575206201
914,3.052968447601876
915,2.967460006339233
916,3.0314232191564567
917,3.14823625595423
918,2.8990481182174297
919,3.1514047117043416
920,3.1623180675731812
921,3.2873616180186525
922,3.0227841332316627
923,2.9978914532124743
924,3.175877468826089
925,3.3358838980044667
926,3.346512710464833
927,3.401562108203257
928,3.3380653759313637
929,3.4077793362522195
930,3.247385353761521
931,3.2479978409175008
932,3.3515354068076175
933,3.5634438174594014
934,3.484209875135189
935,3.453370917988795
936,3.461843377368613
937,3.308436714843021
938,3.4466877145061274
939,3.320551768639658
940,3.326073086554414
941,3.3682428288327757
942,3.3013174106573415
943,3.263687648390837
944,3.2648871940386024
945,3.475184113998003
946,3.22928733835999
947,3.2480431607470717
948,3.3350902879362567
949,3.3575153943261435
950,3.118239772576122
951,3.340686020395208
952,3.297478622173491
953,3.2530215082006846
954,3.3195867193539645
955,3.187675186948091
956,3.4554838089937987
957,3.1329481853761725
958,3.0589939880324044
959,3.0572297153293406
960,3.016967966618149
961,3.090708132660728
962,3.085149288987281
963,2.9866080029623268
964,2.973034726387318
965,3.0539441214869516
966,2.9732967900933134
967,2.9992124076444786
968,3.093565371590769
969,3.123143706698596
970,3.0961265338900237
971,2.7655501656782073
972,3.0807778518687376
973,2.8661416090264153
974,3.1858254622622493
975,3.1958669805840385
976,3.118226518141618
977,3.1265380348295904
978,3.084320503215606
979,3.08491257036746
980,3.1280998718185957
981,3.248878113303913
982,3.091476211166404
983,3.111819044153994
984,3.198971474078117
985,3.1774399571613214
986,3.2471403009456457
987,3.1646938287094346
988,3.1548625922536946
989,3.327358701904105
990,3.2499380781035563
991,3.2753459223963093
992,3.2365696566468065
993,3.3335210390003063
994,3.2830768512369932
995,3.134769191838912
996,3.3408633729965875
997,3.352525951308423
998,3.1643109135433933
999,3.371245738122613
1000,3.2082807371662856
1001,3.3047025965685686
1002,3.381941894911003
1003,3.4015390643587704
1004,3.21090060177245
1005,3.454483933449116
1006,3.37875405486744
1007,3.0588374927834394
1008,3.246835078453862
1009,3.301316716440689
1010,3.2817682586921295
1011,3.312832429365247
1012,3.318171452775305
1013,3.2961659979196174
1014,3.3003333937537582
1015,3.2549366408424025
1016,3.408194240481013
1017,3.206888394967958
1018,3.623078066438092
1019,3.544192575887222
1020,3.6693758599901747
1021,3.5409028076711127
1022,3.6493989821867605
1023,3.5684765278979116
1024,3.663063337155907
1025,3.4945515377956933
1026,3.543906028698693
1027,3.376172964915372
1028,3.5659450027911257
1029,3.6216084557694534
1030,3.4512460639456823
1031,3.2913511429076148
1032,3.461328912861378
1033,3.4996811254009907
1034,3.4095631668278115
1035,3.5133935435147365
1036,3.460695552545376
1037,3.451919143824259
1038,3.406943150726303
1039,3.5975713832136824
1040,3.6306920175276822
1041,3.7423161663013067
1042,3.637984437167844
1043,3.5615103178922385
1044,3.590662538711425
1045,3.718817746388083
1046,3.7508062759820135
1047,3.7313037949987624
1048,3.725603194201176
1049,3.714817928489683
1050,3.7561229896470185
1051,3.7582205323763955
1052,3.8580780150864977
1053,3.897586901055495
1054,3.8690827823245084
1055,3.73264410398107
1056,3.8982550652918078
1057,3.8897043870557253
1058,3.907259776303771
1059,3.9391237497632754
1060,3.8300263591629315
1061,3.7841382028821813
1062,3.8859043194589047
1063,3.8842012827322794
1064,3.92379742204138
1065,3.9449797888787885
1066,3.8599283970374976
1067,3.7865987978854174
1068,3.8707518260396983
1069,3.8879424163837286
1070,3.8309964629706497
1071,3.8477900979536828
1072,3.826724790457996
1073,3.7844278121896173
1074,3.827262303023089
1075,3.908123673956951
1076,3.812297176058186
1077,3.730283989607036
1078,3.450871457976374
1079,3.3095298888982208
1080,3.2417057286493742
1081,3.358163400097231
1082,3.4017599513136303
1083,3.387533500709342
1084,3.3278963695204804
1085,3.2505520937345307
1086,3.29176730730328
1087,3.3738754504311865
1088,3.4578269746918733
1089,3.53887504410199
1090,3.3291493067384414
1091,3.5611585939866726
1092,3.590200805241624
1093,3.479581342576598
1094,3.4990398746265057
1095,3.5443943241325266
1096,3.604849268464043
1097,3.497923578390999
1098,3.444521587815971
1099,3.5031370341849515
1100,3.51193829275112
1101,3.629699744115888
1102,3.558017293673557
1103,3.3273995249644286
1104,3.5751601365143286
1105,3.6165878635511475
1106,3.5439646955776256
1107,3.6584919628069215
1108,3.584303572058942
1109,3.6169380821588217
1110,3.5216781116875757
1111,3.5564677726218235
1112,3.643748974678274
1113,3.6617377807543012
1114,3.590909000576866
1115,3.6406147343461286
1116,3.7640625159716006
1117,3.753779831277875
1118,3.691449672859941
1119,3.716023449503173
1120,3.670243814963047
1121,3.7152392976044006
1122,3.652659113623629
1123,3.5359821066955623
1124,3.5531849945270157
1125,3.6754448902882277
1126,3.6250126775021805
1127,3.4598571091348904
1128,3.616610093449068
1129,3.639231343931242
1130,3.664844728116278
1131,3.683381638932061
1132,3.5973701369363833
1133,3.7232374939206503
1134,3.7372909561955865
1135,3.683055826810103
1136,3.6425923235641364
1137,3.6693898136547474
1138,3.0349756859261885
1139,2.848340624999276
1140,2.920351982968389
1141,2.914155711162027
1142,3.1310925380345487
1143,2.8250999348658463
1144,2.8988356980719017
1145,2.9196237403320295
1146,2.8964125936982708
1147,2.9721568151734523
1148,3.0862625322753154
1149,3.1297688725411343
1150,2.799049505649983
1151,2.8036159569717696
1152,2.8031487296899957
1153,2.9950505354127452
1154,2.908795436734804
1155,2.9080128142431203
1156,2.9132654403727782
1157,2.8836234940726126
1158,2.6867048502419206
1159,2.8475448931378655
1160,2.7817713390888392
1161,3.0633102952786024
1162,2.9197907530541367
1163,2.827118893459858
1164,2.9625830190849753
1165,2.8767263183064413
1166,3.007689895124092
1167,3.0775112087450496
1168,2.6564150998223592
1169,2.727180002013794
1170,2.8932708615348877
1171,2.740089119169662
1172,2.9611238907767157
1173,2.9449482080085616
1174,3.0074643112941053
1175,2.695573656788385
1176,3.0057087656150614
1177,3.0734813092125886
1178,3.2588305857594597
1179,3.112581622488681
1180,3.0444558812376403
1181,3.0591374357168792
1182,2.9114054579347917
1183,3.0198399083429033
1184,2.978990223947625
1185,3.1331938048888723
1186,3.0053265869691277
1187,2.864369701218924
1188,2.79515913062868
1189,2.9728643406720248
1190,2.9145581072788356
1191,2.946577662827113
1192,2.8419347628162033
1193,3.0304086553794827
1194,2.9711706332640033
1195,2.7842359966180283
1196,2.8916853424967965
1197,2.951173185664256
1198,3.572333762662315
1199,3.516906585726895
1200,3.5621916831384715
1201,3.531653598795185
1202,3.489794733897663
1203,3.4388873057354634
1204,3.659282828134018
1205,3.611897359801186
1206,3.503015308643304
1207,3.484661256801695
1208,3.558981029087168
1209,3.5883973041272403
1210,3.6200657998425014
1211,3.5041478627276006
1212,3.5756404683979186
1213,3.5584566291658475
1214,3.6591852689871947
1215,3.6142009595856885
1216,3.603214118505271
1217,3.598462225758724
1218,3.673375279443242
1219,3.6827557738704866
1220,3.697852220614996
1221,3.7004424857302403
1222,3.701430965453338
1223,3.7150516475687625
1224,3.6591999128421593
1225,3.7315032083624295
1226,3.8583334200355752
1227,3.8280141237434817
1228,3.8594989673842166
1229,3.8175967488923113
1230,3.808880646483375
1231,3.8633211205406184
1232,3.781577041452525
1233,3.9948827781760907
1234,3.827893708251391
1235,3.7421599033487336
1236,3.835041968190739
1237,3.808854768610086
1238,3.859412817312317
1239,3.8747688631541197
1240,3.8328951853914695
1241,3.7842866346407353
1242,3.773565900943605
1243,3.857911193695424
1244,3.801121525627044
1245,3.9367342754454904
1246,3.8249265307286615
1247,3.7723012180683773
1248,3.8106383128586807
1249,3.802551314815773
1250,3.8393895439170667
1251,3.8113976117593977
1252,3.8040523758657145
1253,3.7401928713457773
1254,3.73437659832696
1255,3.804243290177054
1256,3.7534195651488442
1257,3.684502145152197
1258,3.7567580181344984
1259,3.6949614389679133
1260,3.7602215540385706
1261,3.6946895006052074
1262,3.644484274408426
1263,3.702146018944963
1264,3.785321366482432
1265,3.7208454796319552
1266,3.687338840385646
1267,3.762710493206951
1268,3.857407423597267
1269,3.938832393208917
1270,3.714736903876375
1271,3.622292945637417
1272,3.796759430680372
1273,3.772654121927969
1274,3.7694724919614875
1275,3.8475295558222413
1276,3.8611302474002067
1277,3.830894801953895
1278,3.8107313689532565
1279,3.7899100751992867
1280,3.904151964436883
1281,3.993681810321381
1282,3.8601307431796172
1283,3.8461462027831104
1284,3.907698057383862
1285,3.9347486817276733
1286,4.045528744577782
1287,3.965994710671889
1288,3.928513029629225
1289,4.009032258820137
1290,3.970051151533374
1291,3.978600244360632
1292,4.057562535939395
1293,4.053237829451942
1294,4.000562624018875
1295,3.9030747772496786
1296,4.012258038837396
1297,3.9524491611277033
1298,3.9481220259293384
1299,3.97617680930118
1300,3.925033099883659
1301,3.9356589975241922
1302,3.9520794298264477
1303,3.9314719842485792
1304,3.9780813421398857
1305,4.026946138548793
1306,3.96903448491876
1307,3.8823136989045763
1308,3.9699285419511248
1309,3.9326249103180877
1310,3.946362930886796
1311,3.9614467370744015
1312,3.991462938989604
1313,3.9721927644445305
1314,4.011303376398105
1315,3.9954490461124457
1316,3.974852734638503
1317,3.71623148018737
1318,3.829205998421595
1319,3.7571746554779404
1320,3.8023329147477565
1321,3.824239312943371
1322,3.8145198321564835
1323,3.7919642485890894
1324,3.9134147206495755
1325,3.923313140595551
1326,3.8507253932831316
1327,3.9418275730164867
1328,3.977188310194614
1329,4.005379711789715
1330,3.9286557006481813
1331,3.826261130874954
1332,3.924447602044752
1333,3.9011727227821344
1334,3.909126976679226
1335,3.842286368296917
1336,3.9458136339647916
1337,3.9503881796749356
1338,3.884050646675054
1339,3.942720197664556
1340,3.9737741554877397
1341,4.100710308244539
1342,3.953310142762356
1343,3.8336024230931343
1344,3.914076080577159
1345,4.038931813334268
1346,4.087658511976953
1347,4.047523703560159
1348,4.07430609715856
1349,4.030054746689344
1350,4.158031888459912
1351,4.071001787697701
1352,4.121983002880258
1353,4.164254211722738
1354,4.103649900365133
1355,4.064486572160082
1356,4.166313469204854
1357,4.10170827338623
1358,4.1017317421170985
1359,4.155759747679208
1360,4.074808820915419
1361,4.101475033801033
1362,4.023949528844967
1363,4.034538895110032
1364,4.096987153460265
1365,4.14993023703343
1366,4.1059965867550785
1367,4.019481317325714
1368,4.146055644596328
1369,4.091902180170745
1370,4.162749605649426
1371,4.14163030879774
1372,4.122243251939231
1373,4.138288181598193
1374,3.992835004304535
1375,4.038368423562768
1376,4.1344067164583445
1377,4.044357322300454
1378,3.5021801523340605
1379,3.4719753075087154
1380,3.5343438801335236
1381,3.53908815129668
1382,3.614614950292792
1383,3.476514018775986
1384,3.5451060318816583
1385,3.5628096275415455
1386,3.5405399469631944
1387,3.6778999175589857
1388,3.6111875152267463
1389,3.775419727118987
1390,3.5193036704994727
1391,3.475546888311907
1392,3.6391826275196038
1393,3.49246046327058
1394,3.513664011011233
1395,3.6337496632100548
1396,3.671388757573446
1397,3.6758309621801226
1398,3.5564874237459296
1399,3.768309280396164
1400,3.548666296920576
1401,3.8161505018658204
1402,3.6680548587702604
1403,3.687476868335197
1404,3.7745691453221637
1405,3.8659874110770596
1406,3.856850412541228
1407,3.7838150783519717
1408,3.8783265651558665
1409,3.9226232708391997
1410,3.809440321789477
1411,3.909137921253262
1412,3.8744834181720673
1413,3.902730602557841
1414,3.7856591291924904
1415,3.7814458225995056
1416,3.9197835718701466
1417,3.9210490738324855
1418,3.923474088866033
1419,3.8738453359960827
1420,3.7896613506762598
1421,3.8205321149066784
1422,3.825728946279016
1423,3.8423691530786
1424,3.8934520886271486
1425,3.9240416484821417
1426,3.807378519437898
1427,3.80131219679245
1428,3.8878696892459597
1429,3.849956963609695
1430,3.7739897483630243
1431,3.9104051895066436
1432,3.831638401530144
1433,3.940062749183614
1434,3.9304758713740404
1435,3.8940528253424205
1436,3.856788493934849
1437,3.738240701004433
1438,3.1218960169981083
1439,3.0305026944177094
1440,3.1489465020529344
1441,2.98235210665902
1442,3.1622269232327507
1443,3.0957661463491664
1444,3.212857969340949
1445,3.2166571288025554
1446,3.219953099836069
1447,3.117350215448559
1448,3.168039785962214
1449,3.1726567961775562
1450,3.070650990402949
1451,3.064036189610151
1452,3.09438231428419
1453,3.206589197968091
1454,3.1431052682840135
1455,3.1878632524036816
1456,3.189418639378409
1457,3.0921375764689247
1458,3.1802056270450847
1459,3.005352660080442
1460,3.2151074209650643
1461,3.2753870201664834
1462,3.2203380957434264
1463,3.06437505754426
1464,3.08067893028486
1465,3.20025818010202
1466,3.3835315710161122
1467,3.4053303529524754
1468,3.5446593577013052
1469,3.454289439576644
1470,3.459169118824455
1471,3.2736220135586938
1472,3.3741997036755653
1473,3.459077869449013
1474,3.412911059618149
1475,3.357182544699013
1476,3.4324284280542825
1477,3.2725235620290736
1478,3.4662835326232795
1479,3.443690363467825
1480,3.5411765263983668
1481,3.555007921709633
1482,3.4827094737126605
1483,3.482686558589166
1484,3.4741905203521486
1485,3.4753361813084345
1486,3.3918047419896213
1487,3.3937507925738224
1488,3.380742294213092
1489,3.438132318144864
1490,3.3371973278861584
1491,3.371795716285512
1492,3.4265771650830485
1493,3.4354968720963077
1494,3.3626873669939483
1495,3.4801652583169225
1496,3.387080528066143
1497,3.4818276276176925
1498,3.2972241277643315
1499,3.154185207474808
1500,3.24974243438152
1501,3.2049222698625557
1502,3.2603648555356908
1503,3.215724619385871
1504,3.2975562320122664
1505,3.228633605514284
1506,3.161847870489759
1507,3.3303728181361953
1508,3.354247069268099
1509,3.450029947899952
1510,3.292922514257533
1511,3.106319696615608
1512,3.4042131698937044
1513,3.297652756179039
1514,3.3639088117861053
1515,3.3307220797784862
1516,3.3120971118506435
1517,3.361515494948563
1518,3.320413627624413
1519,3.318337252476219
1520,3.415161452113147
1521,3.544773774092244
1522,3.3532165736273543
1523,3.4541049222348787
1524,3.3733026639278028
1525,3.375126355525512
1526,3.444128945541219
1527,3.492901481452892
1528,3.500092072265807
1529,3.482206426009412
1530,3.52164932525775
1531,3.6290586775309244
1532,3.621771105458767
1533,3.70523853869527
1534,3.4625120225110892
1535,3.5327637082456964
1536,3.5197408026577017
1537,3.5707761662015214
1538,3.5311311556487257
1539,3.5543836906444897
1540,3.4839675877841576
1541,3.4482704090319922
1542,3.598188317441443
1543,3.5575348547683454
1544,3.626225837297665
1545,3.6290484569239605
1546,3.6752395311588377
1547,3.6248222842347317
1548,3.4815741330905
1549,3.486826068519284
1550,3.3973714271953637
1551,3.5693339395989665
1552,3.6152557529308376
1553,3.633845525513521
1554,3.493148195376941
1555,3.5523194098046065
1556,3.5213202350483197
1557,3.271419195293347
1558,2.424732872855857
1559,2.3140559025866354
1560,2.315755937987117
1561,2.327785648123268
1562,2.4138521069767336
1563,2.320929352009016
1564,2.455716399802465
1565,2.5963602064705964
1566,2.512052344855671
1567,2.268571584384354
1568,2.295894987858007
1569,2.842980010711511
1570,2.47014533301416
1571,2.3971608425956665
1572,2.4304254853861877
1573,2.5293226111914833
1574,2.4044527440189043
1575,2.608577418526736
1576,2.600775916939282
1577,2.6660182006065676
1578,2.336880963259547
1579,2.763766194248542
1580,2.376288221353154
1581,2.7605078126817073
1582,2.7847309277802537
1583,2.6980817249038798
1584,2.58140482709296
1585,2.706842031763174
1586,2.511657225330558
1587,2.5097297378295895
1588,2.4979811489051986
1589,2.5087771270890076
1590,2.252139672575211
1591,2.7940434346259497
1592,2.69255655667263
1593,2.5870425649292614
1594,2.6822250282442957
1595,2.798748039306187
1596,2.668039925590775
1597,2.394674858025412
1598,2.9126218381253683
1599,2.5101024657338047
1600,2.7686272736380517
1601,2.667704426321725
1602,2.525681897459789
1603,2.508631335053066
1604,2.700745495693669
1605,2.5923273268175286
1606,2.3657356018254596
1607,2.434684790490567
1608,2.7770464471016902
1609,2.803023527778436
1610,2.7023424092020356
1611,2.701049358366475
1612,2.67222753069398
1613,2.278199310818501
1614,2.393583150062069
1615,2.267601991356589
1616,2.7050589470910675
1617,3.357762133442209
1618,3.2441492767740123
1619,3.290116996009843
1620,3.410901837336276
1621,3.201421002067992
1622,3.2981756440517946
1623,3.3663974132930274
1624,3.4943255438052714
1625,3.260627020668877
1626,3.2067258604512143
1627,3.3756049082854873
1628,3.5181704135277347
1629,3.4858548122762882
1630,3.2275327208543017
1631,3.3564190473915914
1632,3.3993286821280275
1633,3.3959371369230458
1634,3.5009437706469733
1635,3.3941359628373577
1636,3.407829332466085
1637,3.426241036102432
1638,3.3902953758165797
1639,3.406863994651121
1640,3.5828290077160423
1641,3.474613575980813
1642,3.398181951734332
1643,3.5281075083738918
1644,3.5078117574520333
1645,3.549955551281642
1646,3.584757234898702
1647,3.5433766671222084
1648,3.40492073757739
1649,3.503444953677824
1650,3.3884852704100794
1651,3.502898153294021
1652,3.3969311092061747
1653,3.385755978668993
1654,3.3869457774991583
1655,3.5647459133177954
1656,3.5384443261993166
1657,3.4547602449217
1658,3.523160242725188
1659,3.4087516508398505
1660,3.551509137070894
1661,3.329230599840823
1662,3.4921825674617986
1663,3.4625037712842928
1664,3.479912563625774
1665,3.3995861670308325
1666,3.556827810922422
1667,3.6426355207248706
1668,3.512739404368838
1669,3.4130704293088616
1670,3.4201556166697675
1671,3.559259258760698
1672,3.472946669465932
1673,3.4940553546575295
1674,3.4413571717177907
1675,3.5389149888581803
1676,3.424091977547234
1677,3.201818913754624
1678,3.1211498648741514
1679,3.124141452393514
1680,3.1853959674694954
1681,3.2203662148152885
1682,3.1218497874671836
1683,3.375961373582808
1684,3.3656078650420906
1685,3.247733371647576
1686,3.2881887839060218
1687,3.280124264022279
1688,3.4226478862064122
1689,3.416261987542881
1690,3.1995179892402645
1691,3.3127712533799483
1692,3.177324299692733
1693,3.2481525451901367
1694,3.3478824841255257
1695,3.449231774008877
1696,3.4139221041816143
1697,3.3079262021432596
1698,3.416125503239505
1699,3.375098097771954
1700,3.5258915728022573
1701,3.5500828145374057
1702,3.526001053523457
1703,3.3966570667537526
1704,3.462983984268968
1705,3.5197606100705987
1706,3.614303613311802
1707,3.541313832800266
1708,3.630189285400009
1709,3.5793940893300147
1710,3.5493195696979583
1711,3.533471067628361
1712,3.5936400350541113
1713,3.7444470307213416
1714,3.552724259700402
1715,3.695252405083875
1716,3.5767017605876874
1717,3.612608759117575
1718,3.6182034818109665
1719,3.589915540543522
1720,3.625255187708464
1721,3.590090712805729
1722,3.684072611577821
1723,3.710501502361669
1724,3.7023852841231575
1725,3.566987153665226
1726,3.587139584112396
1727,3.5620151783938847
1728,3.6300622406367933
1729,3.5030674507115958
1730,3.6084031917482533
1731,3.675417255337431
1732,3.556176207779148
1733,3.5275447479906625
1734,3.516413828206679
1735,3.5770142227565684
1736,3.606463642238848
1737,2.918710079281449
1738,2.8873406979476197
1739,2.9138524176040494
1740,2.786092707850507
1741,3.1805951706703794
1742,3.0245349700099653
1743,2.855881828779228
1744,3.05397047220972
1745,2.9662939251902136
1746,2.9358578985325035
1747,3.111895064126556
1748,3.3849057862213385
1749,3.2063407989495336
1750,3.0917984559577136
1751,3.0339815168925743
1752,3.1476511255667106
1753,3.1845742576159606
1754,3.220066934605161
1755,3.3258225444342617
1756,3.1689477565280826
1757,3.1935510338015076
1758,3.1777614620199577
1759,3.277812350194811
1760,3.343262920631788
1761,3.226366243558415
1762,3.100562382870145
1763,3.287632516903338
1764,3.286016262662441
1765,3.3268034292752815
1766,3.231755364813789
1767,3.161121831164565
1768,3.328534988553112
1769,3.316929570553219
1770,3.4176420959048124
1771,3.276027712003595
1772,3.4649827864371154
1773,3.35092083472672
1774,3.246977659522395
1775,3.2957849090785403
1776,3.26500455535069
1777,3.338550493237296
1778,3.370320823857362
1779,3.439666303548722
1780,3.479070318703086
1781,3.476449818479333
1782,3.378985265306736
1783,3.411024590948374
1784,3.524030061532247
1785,3.4676313087361974
1786,3.3661348673901514
1787,3.4730745151499822
1788,3.4924167852036803
1789,3.3503725755502165
1790,3.332007954115626
1791,3.3860137682133424
1792,3.427978414213879
1793,3.3057377097762766
1794,3.3324140049905564
1795,3.3414207357550914
1796,3.3660626640420843
1797,3.69832702975585
1798,3.6832668367825154
1799,3.693414203409779
1800,3.7160165738000006
1801,3.7891592291397145
1802,3.7321748558929255
1803,3.792493339827464
1804,3.714511824212506
1805,3.8210234630961226
1806,3.780730724147532
1807,3.7834524660743707
1808,3.92330023542583
1809,3.882264074936856
1810,3.7840615116269585
1811,3.8103601231719186
1812,3.756699726703256
1813,3.7880586548208233
1814,3.8681911637485444
1815,3.9198788731109686
1816,3.82062392310411
1817,3.850667868959928
1818,3.809838866427815
1819,3.943191492775304
1820,4.04380841919849
1821,3.864323194943495
1822,3.7618641781635134
1823,3.8212098438544193
1824,3.8674421682328504
1825,3.982499246920371
1826,4.004139646155158
1827,3.9723365681422043
1828,4.002722306869201
1829,3.923649045616111
1830,4.021527532381899
1831,4.000536690171422
1832,4.091265734990813
1833,3.9930552252246954
1834,3.9657803091083283
1835,4.04107922702568
1836,4.013206203623427
1837,3.9781252922392305
1838,4.018441916174763
1839,3.988758359666081
1840,3.9998614645013837
1841,3.9720033034216025
1842,3.9608186423338476
1843,4.032255123542137
1844,4.071371061268859
1845,3.9375178294829207
1846,3.8734141902933725
1847,3.9171112232804295
1848,3.955387156222041
1849,3.940642835849856
1850,3.901501681381808
1851,3.9868443693550857
1852,3.9550033569703027
1853,3.9605009288276984
1854,3.9727158429794174
1855,3.9678547604362584
1856,4.002546322501718
1857,2.9511671316950605
1858,2.6366626445650567
1859,2.858598040169172
1860,2.888870434767885
1861,3.011520448524658
1862,2.8856815486709073
1863,2.9165680586390286
1864,2.8975827297726604
1865,2.7474044741979866
1866,2.9092439462255366
1867,3.007814872951743
1868,2.9280980887077197
1869,3.0950576657143176
1870,2.8718818617428394
1871,2.5581157641092354
1872,2.9580096239170848
1873,3.0020741239184914
1874,2.867600656087129
1875,2.753645658679357
1876,2.918249193710491
1877,3.0926806052294102
1878,3.133581856927934
1879,3.1757152889963836
1880,3.156195877804201
1881,3.082094283569756
1882,3.024199961296672
1883,3.294041420925409
1884,3.0989527144612308
1885,3.314876315196883
1886,3.2576557544019935
1887,3.305549890364984
1888,2.995520108837311
1889,2.9961111234252438
1890,3.0642371918501907
1891,3.1529082665965005
1892,3.082213614148062
1893,3.0446139698931263
1894,3.0420882816780663
1895,3.098008281946883
1896,3.2686012937549163
1897,3.2306155857466106
1898,3.1112233857820817
1899,2.989039746035326
1900,3.051465146624589
1901,3.0775408232689614
1902,3.1284457711856284
1903,2.888170897249628
1904,2.83466117139198
1905,2.9214541055742176
1906,3.0045172160052656
1907,2.925740438980321
1908,2.8944874792160467
1909,3.0654531846397
1910,2.8069570963263364
1911,3.206239970065306
1912,3.2033986144440716
1913,3.1634020805257093
1914,3.116406822189938
1915,3.038593291461659
1916,2.7106908840375588
1917,4.092364142138739
1918,3.9678157970086736
1919,3.9613366072739313
1920,4.005846619461349
1921,4.048661475203924
1922,3.9863804721028875
1923,4.0833685787280665
1924,4.102337987982693
1925,4.024632971742107
1926,4.1075551388549885
1927,4.111657118659416
1928,4.236852665858008
1929,4.132239393548648
1930,4.0811315458122825
1931,4.125363452606266
1932,4.126358923718256
1933,4.114375471055274
1934,4.134362338726115
1935,4.1978270237230255
1936,4.141743265690046
1937,4.206287340300986
1938,4.178313234736196
1939,4.190269540009404
1940,4.299027577800219
1941,4.234326415494662
1942,4.181130673533131
1943,4.173532467672689
1944,4.2488679293297364
1945,4.312321625824857
1946,4.306236263184764
1947,4.303276554125793
1948,4.31151720120963
1949,4.286756587176383
1950,4.317282492601614
1951,4.356933927267039
1952,4.394822981780734
1953,4.380677545842036
1954,4.308611050327553
1955,4.338685502420576
1956,4.337310200016481
1957,4.326538865807902
1958,4.325678460611278
1959,4.311111865901858
1960,4.336911536611935
1961,4.315925099390807
1962,4.340531223927342
1963,4.375742276862152
1964,4.453951776808505
1965,4.3412025338113
1966,4.27643142077803
1967,4.304622002456832
1968,4.297055772565871
1969,4.3119554411503636
1970,4.3452631896347205
1971,4.356564691121723
1972,4.37683896061358
1973,4.312039227515223
1974,4.351123040892845
1975,4.347304703037151
1976,4.285852018445918
1977,3.862119662834872
1978,3.817882562329158
1979,3.8609113801660544
1980,3.8043472567490486
1981,3.8634427355569096
1982,3.8594093197722827
1983,3.948457655296525
1984,3.944498406574154
1985,3.9073129977962995
1986,3.9272042214201424
1987,3.9593341747963824
1988,4.098601119678101
1989,3.915370254261032
1990,3.905179831629357
1991,3.9564427922792387
1992,3.9996588728075033
1993,3.9566009822951673
1994,3.9935820093330987
1995,4.0696609473006395
1996,4.109732504394668
1997,4.050189504794826
1998,4.107337682139274
1999,4.149383584108846
2000,4.244384568078473
2001,4.02546584236574
2002,4.122137083541542
2003,4.143925426540543
2004,4.126762007210566
2005,4.198441060604202
2006,4.22417878882005
2007,4.197184509152716
2008,4.204238050852499
2009,4.207341123700451
2010,4.198470014942002
2011,4.199230288274349
2012,4.21338638732103
2013,4.197250920393954
2014,4.155249564458741
2015,4.2229817065107635
2016,4.180063441036736
2017,4.2028550690647295
2018,4.213254229693599
2019,4.230857137089296
2020,4.24262269637968
2021,4.161110208710187
2022,4.245373608581453
2023,4.209704269305866
2024,4.255549391519011
2025,4.165362159301483
2026,4.142211545923747
2027,4.171310642063231
2028,4.191806986681519
2029,4.206051259471934
2030,4.154855545819602
2031,4.228577005197286
2032,4.239418790419765
2033,4.204026815083766
2034,4.220474645994853
2035,4.193693145006247
2036,4.108165120396641
2037,2.207463565197814
2038,2.178322075409704
2039,2.3825833654419473
2040,2.1815245777534895
2041,2.178664205517101
2042,2.2180657343211094
2043,2.2289511303272875
2044,2.2372204003612097
2045,2.2358474202969716
2046,2.2357064140796368
2047,2.2339297254792627
2048,2.2110276600574115
2049,2.24414266693128
2050,2.215590296789484
2051,3.966817849113783
2052,3.9244421645180205
2053,4.011964858156888
2054,3.939194396260754
2055,3.9391370897082987
2056,3.8876815554502033
2057,3.9283852872602383
2058,3.941112503205576
2059,3.949310932827897
2060,3.966256023956155
2061,4.093481236823374
2062,4.173742628680794
2063,4.010204180185722
2064,4.003472145265135
2065,4.044297031174036
2066,4.006953156728822
2067,4.01384894582178
2068,4.015036524624773
2069,4.032196532990781
2070,4.064070430892579
2071,3.947992182612322
2072,4.039353656454658
2073,4.122538245189741
2074,4.2433491163484875
2075,4.094667689073533
2076,4.059123539367727
2077,4.0348550622016415
2078,4.130954285283632
2079,4.186137888495625
2080,4.165328284866576
2081,4.22606392631366
2082,4.222485935783857
2083,4.188113531584402
2084,4.220171037735823
2085,4.282776382809516
2086,4.320079351479346
2087,4.274317848515802
2088,4.2272015009989845
2089,4.336857876404468
2090,4.289796034530291
2091,4.296145276006753
2092,4.267430106243773
2093,4.283447101304244
2094,4.285081145528009
2095,4.27554922401799
2096,4.2361469287346845
2097,4.323731706844968
2098,4.347840995668354
2099,4.266157634056641
2100,4.179699522114394
2101,4.293600066407055
2102,4.288126486593086
2103,4.290946312471154
2104,4.287509215437767
2105,4.3259354637654965
2106,4.280599330835118
2107,4.303213392964216
2108,4.306937326749958
2109,4.3159680662502105
2110,4.238826986507363
2111,3.2025383007872725
2112,3.1832876690806033
2113,3.022754615308812
2114,3.2593053471023294
2115,3.2149719549490148
2116,3.260626409445326
2117,3.2393393254891656
2118,3.3917755374554366
2119,3.2116552578430158
2120,3.399038196413327
2121,3.3484763354211435
2122,3.4284500723744915
2123,3.3914517886312128
2124,3.300237995721518
2125,3.412280186540556
2126,3.402068941140365
2127,3.2013718839798235
2128,3.3874819807475913
2129,3.4293820317521595
2130,3.197186081782633
2131,3.3584678172617655
2132,3.356879117368004
2133,3.6650557206443297
2134,3.6122710406551026
2135,3.5945047298517836
2136,3.4035461943797207
2137,3.53694184033815
2138,3.650982906608336
2139,3.7464830449433757
2140,3.682312921011941
2141,3.706125175541722
2142,3.589955101139129
2143,3.503119196777641
2144,3.5180119169131054
2145,3.5833725861993306
2146,3.7860973167460243
2147,3.575059653194333
2148,3.4799593783022273
2149,3.601416097205812
2150,3.6692730868205974
2151,3.649088561308021
2152,3.5325581504036103
2153,3.535419403822093
2154,3.70222046480656
2155,3.6562027444586214
2156,3.69713769173332
2157,3.6737104830665497
2158,3.7139443713209475
2159,3.5431487082898183
2160,3.4624391291979766
2161,3.5996394695585856
2162,3.5891273195047626
2163,3.590926940779682
2164,3.696137048740906
2165,3.710549662582757
2166,3.5601696827566336
2167,3.52888832101122
2168,3.611034986619287
2169,3.598612513045053
2170,3.5101797553790455
2171,3.691510000036234
2172,3.6680502314885386
2173,3.725603989197741
2174,3.697866056183635
2175,3.780025906794814
2176,3.6955368643050623
2177,3.76506980294735
2178,3.7624956736121384
2179,3.623426047348318
2180,3.7356108561986736
2181,3.854082010507653
2182,3.829342761736824
2183,3.7311865669722306
2184,3.675617814129712
2185,3.7423047568079553
2186,3.6655180304855337
2187,3.71102132558161
2188,3.8040550478195834
2189,3.8604030790667694
2190,3.932397664978375
2191,3.73980064212389
2192,3.7957567729317225
2193,3.7635268305584515
2194,3.8694805486971937
2195,3.7777312168824855
2196,3.7569903129144024
2197,3.8058773329144118
2198,3.707687303494132
2199,3.868336513546634
2200,3.7822897081265583
2201,3.8800679262071305
2202,3.827561234603994
2203,3.822154521941279
2204,3.8500096995931488
2205,3.959446567019562
2206,4.003994191182809
2207,3.9176534776394347
2208,3.830864373041646
2209,3.9937762375471704
2210,3.9265068886770043
2211,3.9425482579247673
2212,3.902078850317853
2213,3.875948685201013
2214,3.923064570568977
2215,3.8971927569099742
2216,3.8819066782317635
2217,3.9786205021973617
2218,4.00312473387279
2219,3.9368020868567055
2220,3.8985346181758374
2221,3.951014169009056
2222,3.8882671153145325
2223,3.9161377006874654
2224,3.971144377836835
2225,3.994137657340444
2226,3.99639146402969
2227,3.958653132236109
2228,4.040789280342319
2229,4.048180281565479
2230,3.902018380398545
2231,4.039163796100706
2232,3.95937853945702
2233,4.004088941881582
2234,4.005734695542981
2235,4.04666265110179
2236,4.039875151642869
2237,4.096454286020187
2238,4.072593706841683
2239,4.032869259283957
2240,4.078726083157214
2241,4.173831374554234
2242,4.194832747377124
2243,4.078146266578165
2244,3.961624818530139
2245,4.082621761748985
2246,4.069459793551192
2247,4.056002413874476
2248,4.032190442025624
2249,4.172189220053603
2250,4.167139804393918
2251,4.131869932778218
2252,4.175669366346032
2253,4.243525193994671
2254,4.289082463498918
2255,4.150066596258396
2256,4.08158093449353
2257,4.200597032028747
2258,4.2471789776003686
2259,4.315396691242595
2260,4.285589990743104
2261,4.28433533569097
2262,4.278992992624941
2263,4.2477289709364765
2264,4.3343538672124655
2265,4.337670060289637
2266,4.3887462212806945
2267,4.285940755207073
2268,4.295207673021437
2269,4.384986954861462
2270,4.292181627352464
2271,4.2964804954681926
2272,4.391572934927105
2273,4.316940846700289
2274,4.325069937158778
2275,4.295898630992085
2276,4.331616766728697
2277,4.333668161975413
2278,4.426515027391393
2279,4.338465962481183
2280,4.224177887035061
2281,4.265311079595867
2282,4.238924994185967
2283,4.297418926429668
2284,4.324330024992739
2285,4.34648941048997
2286,4.357038440301018
2287,4.30229375396998
2288,4.364280566303247
2289,4.35998776981653
2290,4.229253929393485
2291,2.962847450037066
2292,2.8224378131362364
2293,2.8843777408756583
2294,2.918215278227513
2295,3.10171593336484
2296,2.966490586115255
2297,3.0485686272945465
2298,3.000601130447172
2299,2.9106277464143817
2300,2.9933157223045117
2301,2.98142163462835
2302,3.036102024901026
2303,2.9715170629656726
2304,2.936211940210937
2305,2.9309904693890423
2306,2.8225165327706447
2307,2.995882011037233
2308,2.9891131664791493
2309,2.9955893352380034
2310,2.751272238233073
2311,2.914645626210851
2312,2.6645914373736495
2313,3.0551915640756073
2314,3.0927590740115622
2315,2.997115041805899
2316,3.0866314608581384
2317,3.0311368574590487
2318,3.0832794501806413
2319,3.0676737246196595
2320,2.9985504981983295
2321,2.982850881189713
2322,2.9730249303977163
2323,3.028742001658402
2324,3.1234170134774306
2325,3.2011256598611655
2326,3.3191852435092146
2327,3.1122507437765394
2328,3.0313371607040955
2329,3.100828848437499
2330,3.14727899448235
2331,3.182192509397942
2332,3.1499578723288533
2333,3.186356581266407
2334,2.9370871926396367
2335,2.997737345029022
2336,3.1440042823495435
2337,3.1546975232527594
2338,3.2501096097739275
2339,3.160295199910431
2340,3.1121084806631525
2341,3.0857904976746675
2342,2.9160663303301457
2343,3.1185667926975693
2344,2.93085915924694
2345,3.2268240215056827
2346,3.279545594677953
2347,3.1866050059234974
2348,3.228274030198651
2349,3.1550787307626997
2350,2.8837369254624385
2351,3.3148984143150195
2352,3.2365153336438945
2353,3.3517597571449946
2354,3.2524027069811763
2355,3.2721443071197176
2356,3.3805443989613067
2357,3.44392579751055
2358,3.4084357465495
2359,3.2592605799235654
2360,3.4569992064402486
2361,3.4832158500430235
2362,3.523686065266906
2363,3.3571919369247105
2364,3.3432965458593102
2365,3.506459556200239
2366,3.397246360417767
2367,3.4194585878388115
2368,3.464247182002821
2369,3.656988804219265
2370,3.485305806845189
2371,3.6574717977209508
2372,3.688521035466183
2373,3.670234327118346
2374,3.7148169924694243
2375,3.713919678325969
2376,3.5552421770592453
2377,3.6781525311230223
2378,3.6855196647751316
2379,3.7138826127720543
2380,3.7408914620911817
2381,3.7786640319857154
2382,3.8000436384978156
2383,3.7643553411144346
2384,3.768568837746314
2385,3.769152188338465
2386,3.800475896139988
2387,3.7670109918499195
2388,3.6909307263299196
2389,3.6404114357169393
2390,3.711518352308588
2391,3.672821072160675
2392,3.742610778736971
2393,3.6223189074006776
2394,3.7052617026437225
2395,3.585806359020177
2396,3.6287654870092
2397,3.687379744891174
2398,3.7777044616494044
2399,3.685929583771716
2400,3.582927748223591
2401,3.6336544726542925
2402,3.6375409309784374
2403,3.72369931354776
2404,3.6088745027729976
2405,3.7527897566187187
2406,3.690132220200176
2407,3.6450767530638752
2408,3.5116421816957515
2409,3.562625446412656
2410,3.476850264405648
2411,2.575833002715448
2412,2.8415170133490313
2413,2.9500336498651314
2414,2.7714466211911652
2415,2.726359965741258
2416,2.5175691315039233
2417,2.837151214713083
2418,2.566972856907846
2419,2.6420108784748053
2420,2.7126047751621516
2421,2.967545769505077
2422,2.811638265516244
2423,2.7287009115082568
2424,2.5633333864641554
2425,2.684756182137701
2426,2.6093173273629873
2427,2.75121659340856
2428,2.7649274551614673
2429,2.5506010713256915
2430,2.644239406990206
2431,2.532174635251421
2432,2.793805954382158
2433,2.8842533605891574
2434,2.7387626930019286
2435,2.577363024026143
2436,2.6141605789130042
2437,2.7893842721061284
2438,2.851062723235712
2439,2.737751274508896
2440,2.9309902648705295
2441,2.9689391244530494
2442,2.624648449064772
2443,2.7592004771995913
2444,2.921454159858644
2445,2.9116650242401767
2446,2.877231923368781
2447,2.70489237851707
2448,2.7864520852788446
2449,2.8586372180201964
2450,2.8442560683267812
2451,2.9268615150630595
2452,2.950006840315759
2453,2.86724903647312
2454,2.9641733407573043
2455,2.978562050595184
2456,3.032897865275115
2457,3.0227088226403427
2458,2.861658655748177
2459,2.8376399288474903
2460,2.857030646357695
2461,2.8657582546820017
2462,2.9283860779501563
2463,2.910003759338494
2464,3.0523615090539704
2465,2.99516128655826
2466,2.8904528517533383
2467,2.8099901956254825
2468,2.845308713778327
2469,2.681875476351665
2470,3.6305651738247744
2471,3.492691570070761
2472,3.540341809834669
2473,3.4263381228688443
2474,3.543876440498997
2475,3.599610097947007
2476,3.6251570945504126
2477,3.5374533462986615
2478,3.6254085141694565
2479,3.613789011461693
2480,3.6908007613286777
2481,3.8415025455549228
2482,3.687651413974986
2483,3.6835738266414713
2484,3.732214703625823
2485,3.6334072015863055
2486,3.75252227102981
2487,3.693180570988069
2488,3.715110055346059
2489,3.750268288101969
2490,3.616168269828261
2491,3.7445969909625028
2492,3.8320020712991836
2493,3.9147768534042
2494,3.776718824727842
2495,3.8247106063455725
2496,3.8675609902307637
2497,3.919304855911361
2498,3.8972437233809925
2499,3.9112036803776467
2500,3.924864094335775
2501,3.9678935677442406
2502,3.8971637391657343
2503,3.9360339438802305
2504,3.9332806558819486
2505,3.9723849771928905
2506,3.9382611876746108
2507,3.915404737918416
2508,4.020075909916986
2509,3.9449814741754503
2510,3.9770127956354377
2511,3.998237513356458
2512,3.9143762128225505
2513,3.9549613060633253
2514,3.9700868215506118
2515,3.9331335406044743
2516,3.9412886232400814
2517,3.9835237714500242
2518,3.9416916402628215
2519,3.885373532348292
2520,4.027579088690436
2521,3.927619480017795
2522,3.933276840929317
2523,3.9182950345175036
2524,3.9745270486615976
2525,3.920842515205068
2526,3.889255619399937
2527,3.924606599181506
2528,3.932397548177829
2529,3.790796534281075
2530,4.194276589763737
2531,4.122742279102377
2532,4.182858518714042
2533,4.150330827547667
2534,4.15361887683733
2535,4.122617242986444
2536,4.1691680147379655
2537,4.279660060311309
2538,4.180462757933845
2539,4.208750947308281
2540,4.305736118582743
2541,4.391142620212687
2542,4.274605702471501
2543,4.201229493490266
2544,4.191004286014804
2545,4.151139777926582
2546,4.2298729097712435
2547,4.243749326345842
2548,4.326249774922358
2549,4.330494440703219
2550,4.290297017756138
2551,4.342180275905686
2552,4.361778126816315
2553,4.4735141026698
2554,4.399533369057125
2555,4.306380222497357
2556,4.3417900110922885
2557,4.4875498698801115
2558,4.490932939889559
2559,4.4898435993572186
2560,4.490683081475922
2561,4.496286037141153
2562,4.517104554091809
2563,4.512026940258288
2564,4.534205801099172
2565,4.55113633212682
2566,4.516884936067178
2567,4.457077063088647
2568,4.538668716886875
2569,4.568577214446729
2570,4.536938690244666
2571,4.556675819077767
2572,4.515920787983833
2573,4.573462781599497
2574,4.5285971192916925
2575,4.52759269759865
2576,4.592165882708945
2577,4.613320027944458
2578,4.56951612503876
2579,4.468392573459239
2580,4.5279757187735346
2581,4.524086726716437
2582,4.50658109311883
2583,4.540284696559517
2584,4.548283603126015
2585,4.576918285819544
2586,4.499910293043346
2587,4.491012385128029
2588,4.545450567752957
2589,4.48336387737879
2590,3.220108703894783
2591,3.133196352696479
2592,3.0705316569127703
2593,3.087722016736383
2594,2.864331301515111
2595,3.045251124490354
2596,2.948481855522458
2597,3.029881050599364
2598,3.159624687319603
2599,3.0889531465637385
2600,3.12786369385241
2601,3.2297167265042463
2602,3.1271964679942514
2603,3.032756693667652
2604,3.069948653351517
2605,3.051598197232761
2606,3.1249732219120525
2607,3.145258223399947
2608,3.178852378933312
2609,3.200367356041805
2610,3.2125344736876342
2611,3.4079070546541668
2612,3.303881763735576
2613,3.3918871603824208
2614,3.228767390008597
2615,3.2359563228749715
2616,3.079039043238499
2617,3.274054495423474
2618,3.4561345248676094
2619,3.336790697526386
2620,3.370808442854002
2621,3.3920752012679602
2622,3.2593320727001522
2623,3.20014538010265
2624,3.343807444094285
2625,3.3601885013081794
2626,3.4042329541233203
2627,3.2290034877018776
2628,3.427295816672146
2629,3.476947271017253
2630,3.3075638144856576
2631,3.340128575767818
2632,3.393161743585519
2633,3.471142991950318
2634,3.2938069141179285
2635,3.4214501956049723
2636,3.4847599570825265
2637,3.5420595403816764
2638,3.446632706928873
2639,3.258016291318595
2640,3.5155927051633857
2641,3.36940462533779
2642,3.507079853123844
2643,3.4873825593625347
2644,3.455666628608557
2645,3.5533381486969478
2646,3.471336008511213
2647,3.4985401830370617
2648,3.3967336070645877
2649,3.280675599944441
2650,3.039487676861611
2651,2.9232781521621716
2652,3.031230147502072
2653,2.9449158428620725
2654,2.88207461128189
2655,2.876135584603161
2656,2.8958774592352663
2657,2.892519479224447
2658,2.6446736145144767
2659,2.599649948444312
2660,2.4323241810948026
2661,2.871215933231463
2662,2.4026924873564153
2663,2.788995779774348
2664,2.483660922375231
2665,2.7539708100489753
2666,2.8738265595064374
2667,2.7324420386983035
2668,2.8234791889302007
2669,2.8826163793343973
2670,2.8884437518024337
2671,2.8256612985896328
2672,2.856210714585228
2673,3.011746707901738
2674,2.864321195408028
2675,2.868341147882431
2676,3.079947051241959
2677,3.0818829166463773
2678,3.046693806853902
2679,3.135157090689539
2680,3.164785918470086
2681,3.0200114798324718
2682,3.1000795538934622
2683,2.9733335208291933
2684,3.1097884748027993
2685,3.1783524421110805
2686,2.992708491588984
2687,3.0118062955908376
2688,3.1244862930893076
2689,2.9892099222049127
2690,3.1019423675911644
2691,3.060487502517427
2692,3.088630171572009
2693,3.0982538954859002
2694,3.0833673064560045
2695,3.074184940900436
2696,3.122689358636428
2697,3.1365743459488185
2698,3.1204488618212394
2699,2.9250174711771164
2700,2.971341631476727
2701,2.955706165748799
2702,3.059282950330442
2703,3.077797457815627
2704,2.9953948189166204
2705,3.0238063661302688
2706,3.053506368318687
2707,3.1171019090589085
2708,3.151996974657617
2709,3.2408368272054897
2710,3.806111918575863
2711,3.6136733771141967
2712,3.721489642265111
2713,3.636651102406049
2714,3.7775911327218537
2715,3.679265991569366
2716,3.7463383197906426
2717,3.742223492416538
2718,3.7588794784688395
2719,3.747372195734827
2720,3.7721447797290044
2721,3.8547816555422982
2722,3.7849880589073694
2723,3.542702020314972
2724,3.6836338567153994
2725,3.5517155727892473
2726,3.7864018116657703
2727,3.7181332501972424
2728,3.7385076654579263
2729,3.7646079668383146
2730,3.8695205272321536
2731,3.7868236965695434
2732,3.836845968933508
2733,3.996086130144057
2734,3.9488807337217646
2735,3.8428540773915327
2736,3.809814517851745
2737,3.8255511535825155
2738,3.9654254584606607
2739,3.9914176252452016
2740,3.8948268405363824
2741,3.984492083161418
2742,3.9467148457666403
2743,3.998037272377
2744,3.9830765623711337
2745,4.0770323571813325
2746,4.014750535448443
2747,4.010671092680061
2748,4.03267553726713
2749,4.07069717002983
2750,4.07339459854562
2751,4.00655285181914
2752,3.986667550266966
2753,4.005501466087614
2754,3.98372718716042
2755,4.004642950438114
2756,3.9914877974304113
2757,4.063312530393494
2758,3.9839983339322114
2759,3.935075042709764
2760,3.985001435105522
2761,4.020750157926831
2762,3.9547133080954358
2763,3.97013750883275
2764,3.9998395708294767
2765,4.014910106265149
2766,3.973962679540556
2767,4.009680586444105
2768,4.07199476030787
2769,3.920547961276072
2770,3.849014133655665
2771,3.7208026554591633
2772,3.8554019800046495
2773,3.766287126277029
2774,3.791020972143303
2775,3.804844111247081
2776,3.837097487980237
2777,3.8086343415661887
2778,3.612606912990844
2779,3.7598535577090764
2780,3.852642354192045
2781,3.977593796377133
2782,3.838243796248127
2783,3.7802328185622804
2784,3.823400464447745
2785,3.7586515373591642
2786,3.8188980421691143
2787,3.7828204721136762
2788,3.8446351858112973
2789,3.8421094610621473
2790,3.8752489087386888
2791,3.940104027912289
2792,3.945303365214106
2793,4.090604136782136
2794,3.968487428060229
2795,3.8426790766552577
2796,4.010711836924219
2797,4.071527142697568
2798,4.131875676480982
2799,4.120478624183195
2800,4.113995850739858
2801,4.104156938250946
2802,4.0401962390307755
2803,4.101342690466181
2804,4.101548141872071
2805,4.149384241445589
2806,4.136096281039256
2807,3.9916347061638553
2808,4.1039356336678585
2809,4.097919808552377
2810,4.092519789762839
2811,4.09889580129423
2812,4.113096464073036
2813,4.064230830974629
2814,4.02305762144445
2815,4.1217246962013565
2816,4.105894194025711
2817,4.126514471036494
2818,4.054656542599398
2819,3.9544216915145145
2820,4.0619703413536845
2821,3.9905361564639437
2822,4.049638937874912
2823,4.075303814343219
2824,4.102523312028165
2825,4.062528348796431
2826,4.032247091058381
2827,4.011109607116292
2828,4.038082798452984
2829,3.860819929678424
2830,2.383437626936979
2831,2.2409780404930744
2832,2.299160903021093
2833,2.624510310532475
2834,2.6108243641217275
2835,2.2130436139207847
2836,2.32419852993437
2837,2.531590809661572
2838,2.500006996542621
2839,2.3070945994057257
2840,2.3142604667813247
2841,2.609114599384577
2842,2.332195229770069
2843,2.768899951483625
2844,2.5847100629551645
2845,2.799041301370887
2846,2.6781644539798592
2847,2.817646091869722
2848,2.760408746564702
2849,2.383598317088452
2850,2.519444409821733
2851,2.366473645271835
2852,2.7394849026814465
2853,2.3966371809909064
2854,2.279080535985111
2855,2.599960005386097
2856,2.4037499771341935
2857,2.6590058015382465
2858,2.5194753944849864
2859,2.617419927597876
2860,2.503220994430404
2861,2.7474309640422856
2862,2.695097759640644
2863,2.892402289897819
2864,2.6759847869606572
2865,3.6338013060015544
2866,3.508617594228469
2867,3.5929652363102074
2868,3.5669881153526326
2869,3.6412627503414616
2870,3.551102759417236
2871,3.5724088852720475
2872,3.650785770622897
2873,3.584064626869435
2874,3.6369086036856286
2875,3.6907224240393393
2876,3.823348890845196
2877,3.5662863924104213
2878,3.6434951606261725
2879,3.5861440718099167
2880,3.6554671689719083
2881,3.7101556648753835
2882,3.730242675057128
2883,3.7299116241169674
2884,3.7756420747617576
2885,3.680812235659462
2886,3.7420326061667133
2887,3.772830451125947
2888,3.8884348925385366
2889,3.8217544551115337
2890,3.744723983467791
2891,3.831112508948022
2892,3.8550891526064035
2893,3.8101317351134005
2894,3.8484456392218385
2895,3.793416546962456
2896,3.9236043913437895
2897,3.859814568468676
2898,3.8950270785664642
2899,3.9595820683667386
2900,3.9854629881142145
2901,3.9389567571223085
2902,3.8977913908290094
2903,3.974605471463332
2904,3.9485235956243234
2905,3.9081969263380345
2906,3.9159665185401136
2907,3.8771601886588982
2908,3.9594800330665714
2909,3.8524905823207165
2910,3.886744456320094
2911,3.8944286380911306
2912,4.001092124527063
2913,3.9399397059284182
2914,3.846832829126221
2915,3.9078110586340022
2916,3.8786697601570173
2917,3.956935741434422
2918,3.881323663951824
2919,3.9883948027197467
2920,3.944529052341486
2921,3.92003820801117
2922,3.894180911518279
2923,3.9340814861270257
2924,3.851613562842184
2925,2.306034122008729
2926,2.3040822992411756
2927,2.287521850346445
2928,2.295775484903385
2929,2.278000708423996
2930,2.584946996258276
2931,2.424176241781102
2932,2.3689124751271016
2933,2.290144188302485
2934,2.49899293386676
2935,2.32111757161538
2936,2.4943820146755926
2937,2.3536410946761723
2938,2.4489693888563098
2939,2.3287039665908242
2940,2.3831266953452466
2941,2.5334891245148765
2942,2.6308607704340696
2943,2.4663802941774806
2944,2.6181184978796166
2945,2.300943278824265
2946,2.344296999426656
2947,2.5442927604926004
2948,2.3594961920702886
2949,2.3674534453703653
2950,2.486961568279631
2951,2.6115223483766568
2952,2.4730399234026854
